mu,Gammaq,Gammag
5.0,1.3297814576317737,4.437357942724585
10.0,1.3008138122057296,3.4335614762815707
20.0,1.2557584809290554,2.779541431535158
50.0,1.1912764929238824,2.2048605765581257
100.0,1.1439959849143564,1.899789547981125
200.0,1.0995207539043905,1.6653059173314668
