mu,Gammaq,Gammag
5.0,0.7950645781572552,0.8736476963091812
10.0,0.8161454086830952,0.8947610245140971
20.0,0.8323151153997663,0.9092367161022443
50.0,0.8488379565861734,0.9226403143796617
100.0,0.8588226514235967,0.9301142236014407
200.0,0.867253494436866,0.936082325460293
